Country,Country Code,2004,2005,2006,2007,2008,2009,2010,2011,2012,2013,2014,2015,2016,2017
Aruba,ABW,14.89786,18.90071,no data,20.7888,19.0362,21.53726,22.14366,21.74546,20.63408,21.87459,19.61272,22.85499,21.36655,no data
Afghanistan,AFG,no data,no data,no data,no data,no data,no data,17.06756,16.04843,10.3568,14.1028,14.46593,12.509,16.2117,15.66138
Angola,AGO,no data,7.99235,7.45479,no data,no data,no data,8.68477,no data,no data,no data,no data,no data,no data,no data
Albania,ALB,10.70316,11.35797,10.93295,11.17719,no data,no data,no data,no data,no data,12.12391,no data,11.3177,13.59696,no data
Andorra,AND,no data,no data,no data,no data,no data,no data,no data,no data,no data,8.04025,9.9616,10.17952,9.66894,18.95694
Arab World,ARB,no data,no data,no data,no data,no data,no data,no data,no data,no data,no data,no data,no data,no data,no data
United Arab Emirates,ARE,no data,no data,no data,no data,no data,no data,no data,no data,no data,no data,no data,no data,no data,no data
Argentina,ARG,15.13944,15.80361,15.51,15.10436,15.74789,16.02104,15.04833,15.15894,14.51861,14.45832,13.79967,13.96343,13.37615,13.26629
Armenia,ARM,no data,13.64809,13.57852,13.46559,14.26845,13.45122,12.40051,12.59334,12.36897,11.13676,9.36712,10.65636,10.1972,10.40313
American Samoa,ASM,no data,no data,no data,no data,no data,no data,no data,no data,no data,no data,no data,no data,no data,no data
Antigua and Barbuda,ATG,no data,no data,no data,no data,no data,6.92814,no data,no data,no data,no data,no data,no data,no data,no data
Australia,AUS,no data,13.58513,13.1782,13.03027,12.59972,13.41502,14.3276,13.50202,13.18372,14.04024,13.88295,14.0758,13.76601,no data
Austria,AUT,9.87333,10.26185,10.37458,10.45229,10.55515,10.58393,10.78913,10.98849,10.70118,10.74029,10.41116,10.69348,10.95385,no data
Azerbaijan,AZE,14.23504,13.22315,10.10042,9.77937,7.76384,9.34393,8.70084,7.21986,5.64367,6.46413,7.23873,7.6311,8.2069,6.94818
Burundi,BDI,9.17908,10.95927,no data,no data,12.61554,16.30169,16.5881,14.9793,16.42832,17.24326,19.68831,24.21655,20.9095,20.40137
Belgium,BEL,no data,11.1742,no data,no data,12.51252,11.84732,12.01315,11.70031,no data,11.89315,12.01019,12.16935,12.33788,no data
Benin,BEN,19.21395,18.79039,19.70961,14.94869,19.08858,18.17562,26.14396,no data,25.02131,22.34122,22.22771,17.47952,18.7914,no data
Burkina Faso,BFA,no data,19.49419,18.2017,17.86382,no data,no data,16.17282,19.50061,15.89538,16.16528,19.36811,18.02708,no data,no data
Bangladesh,BGD,15.95312,no data,17.33653,18.1534,17.81619,14.02987,no data,16.79397,15.59324,13.82282,no data,no data,11.41942,18.38782
Bulgaria,BGR,6.703,12.07252,12.01048,11.11392,12.61226,12.65675,11.16342,11.10005,10.69092,11.4398,no data,no data,no data,no data
Bahrain,BHR,no data,no data,11.91866,11.02673,10.55867,no data,no data,no data,8.28845,7.21531,8.68403,7.29736,no data,7.18035
"Bahamas, The",BHS,no data,no data,no data,no data,no data,no data,no data,no data,no data,no data,no data,no data,no data,no data
Bosnia and Herzegovina,BIH,no data,no data,no data,no data,no data,no data,no data,no data,no data,no data,no data,no data,no data,no data
Belarus,BLR,12.55235,12.62011,12.45032,10.13372,no data,8.44955,11.77813,11.62665,12.7523,12.27399,12.40672,11.46173,12.15878,12.28169
Belize,BLZ,16.24847,no data,no data,no data,18.05774,21.57314,22.3818,no data,no data,22.23905,22.15761,21.61292,20.55235,21.29523
Bermuda,BMU,11.11385,12.1054,no data,no data,no data,13.97043,12.93424,no data,no data,no data,7.79644,9.0188,no data,7.77347
Bolivia,BOL,no data,no data,21.1625,no data,19.92381,22.56084,24.12779,19.48311,17.82895,16.28364,16.8421,no data,no data,no data
Brazil,BRA,10.39439,11.25736,12.42332,13.21851,14.08216,14.72369,14.56035,15.269,15.72763,15.59253,15.63691,16.14928,no data,no data
Barbados,BRB,17.82022,17.50705,no data,16.62288,15.17194,15.54344,17.45378,no data,16.11518,14.84482,17.45106,no data,14.05526,12.87915
Brunei Darussalam,BRN,no data,no data,no data,no data,no data,no data,5.30208,9.18219,9.72642,no data,9.9846,no data,11.44195,no data
Bhutan,BTN,18.69831,22.84906,no data,no data,15.02172,14.13973,11.02578,11.28502,no data,16.16983,17.82422,26.35213,26.18062,24.04098
Botswana,BWA,no data,25.82353,no data,26.50779,no data,20.4774,no data,no data,no data,no data,no data,no data,no data,no data
Central African Republic,CAF,12.06446,9.68047,10.05424,9.86948,7.86,7.83693,6.47538,7.82546,no data,no data,no data,no data,no data,no data
Canada,CAN,no data,12.17807,no data,12.32856,12.00996,12.48364,12.33596,12.21914,no data,no data,no data,no data,no data,no data
Central Europe and the Baltics,CEB,no data,no data,no data,no data,no data,no data,no data,no data,no data,no data,no data,no data,no data,no data
Switzerland,CHE,16.22231,15.8207,15.97005,15.67513,16.00964,15.64362,15.39088,15.5535,15.64387,15.209,15.4618,15.52784,15.52673,no data
Channel Islands,CHI,no data,no data,no data,no data,no data,no data,no data,no data,no data,no data,no data,no data,no data,no data
Chile,CHL,17.02105,16.19909,16.23128,16.74641,17.40113,17.03561,17.84356,17.74974,no data,19.64569,19.92072,19.59405,21.15548,21.30323
China,CHN,no data,no data,no data,no data,no data,no data,no data,no data,no data,no data,no data,no data,no data,no data
Cote d'Ivoire,CIV,22.10716,21.84569,20.01789,20.75588,21.52691,22.19011,22.77275,22.42686,20.85876,21.57473,21.76678,21.17322,22.51621,20.68033
Cameroon,CMR,20.84712,21.37761,20.31265,21.56822,15.58864,19.77979,18.75389,14.86777,15.17622,13.82495,12.92925,13.24399,12.69469,15.46863
"Congo, Dem. Rep.",COD,no data,no data,no data,no data,no data,no data,9.66111,no data,no data,16.27424,10.55392,11.73837,14.80865,11.71075
"Congo, Rep.",COG,8.56181,7.59782,no data,no data,no data,no data,24.7278,no data,no data,no data,6.55592,7.9504,no data,no data
Colombia,COL,15.43978,15.53561,13.76883,14.48145,14.67729,16.08117,16.41858,15.52914,15.51283,16.91362,15.77153,15.05302,16.21151,16.19191
Comoros,COM,no data,no data,no data,no data,29.23312,no data,no data,21.41487,18.49151,16.07073,18.89136,15.30809,no data,no data
Cabo Verde,CPV,20.84048,no data,17.54058,18.32875,18.24099,15.88655,14.2169,15.15328,no data,14.77823,16.28219,16.74823,17.84301,16.38291
Costa Rica,CRI,20.43089,no data,20.64334,21.02189,20.81096,23.40822,22.88089,23.00962,23.50156,22.83091,23.10953,23.37343,23.4232,30.15142
Caribbean small states,CSS,no data,no data,no data,no data,no data,no data,no data,no data,no data,no data,no data,no data,no data,no data
Cuba,CUB,no data,no data,no data,no data,no data,no data,no data,no data,no data,no data,no data,no data,no data,no data
Curacao,CUW,no data,no data,no data,no data,no data,no data,no data,no data,no data,no data,no data,no data,no data,no data
Cayman Islands,CYM,no data,no data,no data,no data,no data,no data,no data,no data,no data,no data,no data,no data,no data,no data
Cyprus,CYP,15.83298,15.83936,16.17962,16.72048,17.59075,17.20125,15.64949,15.49765,no data,15.36213,15.92778,16.21095,no data,no data
Czech Republic,CZE,9.43307,9.20297,10.19694,9.57695,9.21464,9.43733,9.34049,9.92718,9.55685,9.60244,9.41373,13.88252,14.1515,no data
Germany,DEU,no data,no data,9.57416,10.14314,10.11993,10.25824,10.39811,10.75331,11.1373,11.04308,11.19357,10.99351,10.93897,no data
Djibouti,DJI,24.70114,22.71505,24.70796,22.52744,no data,no data,12.3284,no data,no data,no data,no data,no data,no data,no data
Dominica,DMA,no data,no data,no data,no data,no data,no data,no data,no data,no data,no data,no data,10.5221,no data,no data
Denmark,DNK,15.48686,15.77934,15.51264,15.3567,14.83026,14.94417,15.10334,15.03626,12.48871,15.21744,13.82682,no data,no data,no data
Dominican Republic,DOM,no data,no data,no data,12.57788,no data,no data,no data,no data,no data,no data,no data,no data,no data,no data
Algeria,DZA,no data,no data,no data,no data,11.42835,no data,no data,no data,no data,no data,no data,no data,no data,no data
East Asia & Pacific (excluding high income),EAP,no data,no data,no data,no data,no data,no data,no data,no data,no data,no data,no data,no data,no data,no data
Early-demographic dividend,EAR,no data,no data,no data,no data,no data,no data,no data,no data,no data,no data,no data,no data,no data,no data
East Asia & Pacific,EAS,no data,no data,no data,no data,no data,no data,no data,no data,no data,no data,no data,no data,no data,no data
Europe & Central Asia (excluding high income),ECA,no data,no data,no data,no data,no data,no data,no data,no data,no data,no data,no data,no data,no data,no data
Europe & Central Asia,ECS,no data,no data,no data,no data,no data,no data,no data,no data,no data,no data,no data,no data,no data,no data
Ecuador,ECU,no data,no data,no data,no data,no data,13.17257,12.99656,11.97611,11.53415,11.44254,12.06831,12.59765,no data,no data
"Egypt, Arab Rep.",EGY,14.74871,15.04361,11.01859,11.20964,10.9418,no data,no data,no data,no data,no data,no data,no data,no data,no data
Euro area,EMU,no data,no data,no data,no data,no data,no data,no data,no data,no data,no data,no data,no data,no data,no data
Eritrea,ERI,5.74185,no data,5.16807,no data,no data,no data,no data,no data,no data,no data,no data,no data,no data,no data
Spain,ESP,10.72426,10.77912,10.88591,10.84699,10.9364,10.63257,10.56192,10.61811,9.21341,9.49991,9.54349,9.77104,9.97324,no data
Estonia,EST,14.30608,14.2577,no data,13.68231,13.87971,12.93009,13.64279,13.4062,11.9912,12.58262,14.25663,12.9666,13.0869,no data
Ethiopia,ETH,no data,no data,23.97538,24.69945,26.35573,23.58375,26.30404,29.67443,30.53954,27.0211,25.91838,27.09871,no data,no data
European Union,EUU,no data,no data,no data,no data,no data,no data,no data,no data,no data,no data,no data,no data,no data,no data
Fragile and conflict affected situations,FCS,no data,no data,no data,no data,no data,no data,no data,no data,no data,no data,no data,no data,no data,no data
Finland,FIN,12.77896,12.2497,12.28382,12.14995,12.1154,11.84332,11.94549,11.91888,12.79729,12.44551,12.30714,12.41223,12.33452,no data
Fiji,FJI,23.74915,20.26613,20.84329,23.1704,17.36972,15.85362,no data,14.38152,no data,14.30039,no data,no data,no data,no data
France,FRA,10.68068,10.35549,10.32101,10.38171,10.2321,10.05424,10.00722,9.80296,9.55435,9.61137,9.63385,9.62021,9.60255,no data
Faroe Islands,FRO,no data,no data,no data,no data,no data,no data,no data,no data,no data,no data,no data,no data,no data,no data
"Micronesia, Fed. Sts.",FSM,no data,no data,no data,no data,no data,no data,no data,no data,no data,no data,no data,22.31239,no data,no data
Gabon,GAB,no data,no data,no data,no data,no data,no data,13.33042,13.74125,12.58227,8.73757,11.22549,no data,no data,no data
United Kingdom,GBR,12.93768,13.17415,13.13644,13.03284,12.95477,12.61481,13.02604,12.6972,no data,12.91605,13.66837,13.83661,13.8311,no data
Georgia,GEO,15.03676,11.18125,12.89539,9.48665,8.9376,8.99825,no data,9.26943,6.70776,no data,no data,no data,12.6662,12.95336
Ghana,GHA,22.37925,23.42996,24.16198,22.31702,24.0375,22.49513,20.69614,30.63431,37.52096,21.22221,20.98514,23.8088,22.09332,20.09764
Gibraltar,GIB,no data,no data,no data,no data,no data,no data,no data,no data,no data,no data,no data,no data,no data,no data
Guinea,GIN,12.3133,10.94747,no data,no data,15.67826,13.5834,12.43832,14.25931,9.46061,14.13281,11.98951,11.59878,15.76886,13.37679
"Gambia, The",GMB,5.02954,5.34417,5.36076,7.2975,18.88171,13.29374,17.61123,15.11833,13.79553,10.28876,11.75232,no data,10.35779,no data
Guinea-Bissau,GNB,no data,no data,no data,no data,no data,no data,9.06924,10.19974,14.5398,16.19138,no data,no data,no data,no data
Equatorial Guinea,GNQ,no data,no data,no data,no data,no data,no data,no data,no data,no data,no data,no data,no data,no data,no data
Greece,GRC,7.70183,8.70021,no data,no data,no data,no data,no data,no data,no data,no data,no data,no data,no data,no data
Grenada,GRD,no data,no data,no data,no data,no data,no data,no data,no data,no data,no data,no data,no data,42.78863,14.04117
Greenland,GRL,no data,no data,no data,no data,no data,no data,no data,no data,no data,no data,no data,no data,no data,no data
Guatemala,GTM,no data,no data,20.33845,21.27816,23.34816,no data,19.29692,20.24641,21.10514,20.63795,21.95939,24.0855,23.43475,23.08805
Guam,GUM,no data,no data,no data,no data,no data,no data,no data,no data,no data,no data,no data,no data,no data,no data
Guyana,GUY,11.08074,13.82344,13.48169,11.52616,no data,10.23917,11.83872,11.72072,10.1867,no data,18.73569,17.80268,18.71751,18.27612
High income,HIC,no data,no data,no data,no data,no data,no data,no data,no data,no data,no data,no data,no data,no data,no data
"Hong Kong SAR, China",HKG,23.15106,22.47858,23.2826,22.63778,22.9224,23.79947,19.90941,20.14833,18.64948,20.3008,17.6204,18.60857,18.12696,17.84128
Honduras,HND,no data,no data,no data,no data,no data,no data,no data,no data,no data,19.86407,25.65362,24.64456,22.93573,22.02493
Heavily indebted poor countries (HIPC),HPC,no data,no data,no data,no data,no data,no data,no data,no data,no data,no data,no data,no data,no data,no data
Croatia,HRV,8.11906,no data,no data,8.83161,9.54932,9.22726,8.95828,8.51584,no data,9.49459,no data,no data,no data,no data
Haiti,HTI,no data,no data,no data,no data,no data,no data,no data,no data,no data,no data,no data,14.44943,13.12662,no data
Hungary,HUN,11.0059,10.80057,10.32771,10.33817,10.27056,9.86438,9.68557,9.30432,8.61055,8.52697,9.38128,9.13914,10.06791,no data
IBRD only,IBD,no data,no data,no data,no data,no data,no data,no data,no data,no data,no data,no data,no data,no data,no data
IDA & IBRD total,IBT,no data,no data,no data,no data,no data,no data,no data,no data,no data,no data,no data,no data,no data,no data
IDA total,IDA,no data,no data,no data,no data,no data,no data,no data,no data,no data,no data,no data,no data,no data,no data
IDA blend,IDB,no data,no data,no data,no data,no data,no data,no data,no data,no data,no data,no data,no data,no data,no data
Indonesia,IDN,14.1703,15.1488,no data,14.94431,13.67475,19.30844,16.65418,18.00613,18.09042,17.60393,17.67152,20.5033,no data,no data
IDA only,IDX,no data,no data,no data,no data,no data,no data,no data,no data,no data,no data,no data,no data,no data,no data
Isle of Man,IMN,no data,no data,no data,no data,no data,no data,no data,no data,no data,no data,no data,no data,no data,no data
India,IND,11.19686,11.20846,11.69371,no data,no data,11.1912,11.83368,13.56491,13.99212,14.05018,no data,no data,no data,no data
Not classified,INX,no data,no data,no data,no data,no data,no data,no data,no data,no data,no data,no data,no data,no data,no data
Ireland,IRL,13.52982,13.56242,13.42976,13.12242,13.02137,13.05178,9.28401,12.56876,13.71611,13.21434,13.01701,13.01199,13.45282,no data
"Iran, Islamic Rep.",IRN,21.47405,22.32196,20.21824,19.87443,20.57943,18.02354,18.80435,19.1267,17.39562,21.67391,19.66486,18.56875,19.30131,20.04203
Iraq,IRQ,no data,no data,no data,no data,no data,no data,no data,no data,no data,no data,no data,no data,no data,no data
Iceland,ISL,16.80609,17.81014,17.92558,17.21786,13.03326,15.16024,14.60397,15.41712,17.33145,17.66942,17.54882,18.15799,16.83943,no data
Israel,ISR,13.44245,13.19577,13.42577,13.30529,13.17294,13.05765,13.71379,13.99305,14.10835,14.58552,14.86271,15.53671,15.45475,no data
Italy,ITA,9.38801,9.01373,9.52719,8.80193,9.20517,8.86717,8.72395,8.39238,8.04118,8.1558,8.00647,8.12043,7.80857,no data
Jamaica,JAM,11.73302,14.26937,no data,17.17305,19.11938,17.55284,16.10294,18.58193,18.80926,20.57386,21.79749,20.05148,19.14512,18.40254
Jordan,JOR,no data,no data,no data,no data,no data,no data,no data,no data,no data,no data,no data,no data,13.28498,12.07011
Japan,JPN,9.63943,9.68996,9.62214,9.77482,9.75987,no data,9.21129,9.44917,9.36686,9.30925,9.09332,no data,no data,no data
Kazakhstan,KAZ,10.60979,10.2278,13.26734,11.94462,13.64711,13.0409,no data,no data,no data,no data,no data,12.19487,13.86969,11.42533
Kenya,KEN,26.66815,27.46934,25.0814,no data,no data,no data,20.55599,19.25283,19.9239,19.13569,17.08103,16.66466,17.33847,17.87755
Kyrgyz Republic,KGZ,16.24381,16.7684,19.0526,21.85146,21.20624,19.15301,15.68131,18.17253,18.19501,17.77379,14.23595,15.61182,16.66387,15.88281
Cambodia,KHM,12.40431,no data,no data,11.10351,no data,8.16524,7.33747,7.3354,7.19985,9.59707,8.7916,no data,no data,no data
Kiribati,KIR,no data,no data,no data,no data,no data,no data,no data,no data,no data,no data,no data,no data,no data,no data
St. Kitts and Nevis,KNA,11.79026,11.05621,12.47841,13.05181,no data,no data,no data,no data,no data,no data,no data,8.6355,no data,no data
"Korea, Rep.",KOR,no data,no data,no data,no data,no data,no data,no data,no data,no data,no data,no data,no data,no data,no data
Kuwait,KWT,14.95361,13.85411,13.37001,no data,no data,no data,no data,no data,no data,no data,no data,no data,no data,no data
Latin America & Caribbean (excluding high income),LAC,no data,no data,no data,no data,no data,no data,no data,no data,no data,no data,no data,no data,no data,no data
Lao PDR,LAO,16.24383,13.73158,17.48047,17.35745,13.96301,8.17408,7.27595,8.01467,8.58465,12.80755,12.18988,no data,no data,no data
Lebanon,LBN,7.93123,8.42131,7.69319,7.34104,5.86977,5.503,5.53429,5.73381,7.10916,8.57552,no data,no data,no data,no data
Liberia,LBR,no data,no data,no data,no data,6.45407,no data,no data,no data,5.18434,4.67327,6.89349,no data,no data,no data
Libya,LBY,no data,no data,no data,no data,no data,no data,no data,no data,no data,no data,no data,no data,no data,no data
St. Lucia,LCA,15.04104,16.30697,19.01138,no data,19.94337,13.89532,14.20208,13.83676,12.19245,13.84786,15.30152,16.45298,21.9757,no data
Latin America & Caribbean,LCN,no data,no data,no data,no data,no data,no data,no data,no data,no data,no data,no data,no data,no data,no data
Least developed countries: UN classification,LDC,no data,no data,no data,no data,no data,no data,no data,no data,no data,no data,no data,no data,no data,no data
Low income,LIC,no data,no data,no data,no data,no data,no data,no data,no data,no data,no data,no data,no data,no data,no data
Liechtenstein,LIE,no data,no data,no data,no data,no data,no data,no data,no data,no data,no data,no data,no data,no data,no data
Sri Lanka,LKA,no data,no data,no data,no data,no data,8.27079,8.60566,9.11016,8.39403,9.41995,10.82396,10.95026,17.72876,14.49976
Lower middle income,LMC,no data,no data,no data,no data,no data,no data,no data,no data,no data,no data,no data,no data,no data,no data
Low & middle income,LMY,no data,no data,no data,no data,no data,no data,no data,no data,no data,no data,no data,no data,no data,no data
Lesotho,LSO,27.6499,32.40492,28.23381,no data,24.69755,no data,no data,no data,no data,no data,no data,no data,no data,no data
Late-demographic dividend,LTE,no data,no data,no data,no data,no data,no data,no data,no data,no data,no data,no data,no data,no data,no data
Lithuania,LTU,15.57213,14.57956,14.28965,13.32594,13.05296,12.77761,12.85882,12.33635,13.53597,13.28802,13.19014,12.28826,12.02524,no data
Luxembourg,LUX,no data,no data,no data,no data,no data,no data,no data,no data,9.28171,no data,9.5505,9.42587,no data,no data
Latvia,LVA,14.50181,no data,13.91163,14.06705,14.7631,13.02514,11.80903,12.71531,17.73655,18.74402,13.97237,14.12741,12.89329,no data
"Macao SAR, China",MAC,9.00208,8.11335,11.18393,9.94646,10.44557,11.3725,12.97942,14.63311,22.32861,12.58632,11.12407,13.07057,13.73738,no data
St. Martin (French part),MAF,no data,no data,no data,no data,no data,no data,no data,no data,no data,no data,no data,no data,no data,no data
Morocco,MAR,no data,no data,no data,no data,17.47064,17.29529,no data,no data,no data,no data,no data,no data,no data,no data
Monaco,MCO,5.92595,no data,no data,no data,no data,6.59881,6.36322,8.07617,8.87595,7.05922,5.00886,no data,6.59655,6.98063
Moldova,MDA,19.45202,19.29665,18.60882,19.41697,19.85008,20.99263,22.26701,21.91588,20.74197,no data,18.7651,no data,18.49182,18.3323
Madagascar,MDG,12.96077,18.03304,15.32419,18.04455,16.25814,22.58583,no data,19.7797,20.3258,13.98938,18.96677,no data,no data,no data
Maldives,MDV,19.47924,13.01498,13.34758,12.74641,12.61971,15.63228,12.46061,11.7121,12.83329,13.91374,10.34891,12.89076,11.28612,no data
Middle East & North Africa,MEA,no data,no data,no data,no data,no data,no data,no data,no data,no data,no data,no data,no data,no data,no data
Mexico,MEX,22.05383,21.90379,20.82432,19.88907,17.38016,18.66512,18.64259,18.42102,18.08719,16.90599,18.80594,19.01875,17.93933,no data
Marshall Islands,MHL,no data,no data,no data,no data,no data,no data,no data,no data,no data,no data,no data,no data,no data,no data
Middle income,MIC,no data,no data,no data,no data,no data,no data,no data,no data,no data,no data,no data,no data,no data,no data
North Macedonia,MKD,no data,no data,no data,no data,no data,no data,no data,no data,no data,no data,no data,no data,no data,no data
Mali,MLI,17.73635,16.2803,no data,no data,18.03169,16.95941,16.50391,18.25834,22.40338,16.62345,18.22426,18.15549,13.90388,no data
Malta,MLT,10.55489,no data,no data,14.53679,13.06568,12.34494,15.71921,18.9048,15.26156,18.7752,17.53777,13.15089,no data,no data
Myanmar,MMR,no data,no data,no data,no data,no data,no data,no data,5.3992,no data,no data,no data,no data,no data,10.15217
Middle East & North Africa (excluding high income),MNA,no data,no data,no data,no data,no data,no data,no data,no data,no data,no data,no data,no data,no data,no data
Montenegro,MNE,no data,no data,no data,no data,no data,no data,no data,no data,no data,no data,no data,no data,no data,no data
Mongolia,MNG,13.57351,no data,no data,13.28645,no data,14.51142,14.71114,12.15085,13.35302,12.32158,12.07037,12.42683,12.78848,13.49122
Northern Mariana Islands,MNP,no data,no data,no data,no data,no data,no data,no data,no data,no data,no data,no data,no data,no data,no data
Mozambique,MOZ,18.00154,22.71818,18.55004,no data,no data,no data,no data,no data,19.70182,18.97809,no data,no data,no data,no data
Mauritania,MRT,8.17586,no data,10.31029,no data,13.88017,no data,16.03502,13.68266,10.01775,11.40537,no data,no data,9.33055,no data
Mauritius,MUS,17.3871,17.08813,15.17617,14.18328,14.03944,13.24723,14.57315,13.84617,14.96062,14.78901,20.90518,19.45709,19.9625,19.9341
Malawi,MWI,no data,no data,no data,no data,no data,no data,12.51796,15.09788,no data,20.4242,16.33403,21.55158,17.10361,14.34011
Malaysia,MYS,21.01292,no data,16.74557,16.12466,14.03864,18.46463,18.40623,20.97702,19.85116,19.45431,19.80056,19.81079,20.93572,21.67765
North America,NAC,no data,no data,no data,no data,no data,no data,no data,no data,no data,no data,no data,no data,no data,no data
Namibia,NAM,no data,no data,no data,no data,no data,no data,no data,no data,no data,no data,no data,no data,no data,no data
New Caledonia,NCL,no data,no data,no data,no data,no data,no data,no data,no data,no data,no data,no data,no data,no data,no data
Niger,NER,no data,no data,16.88377,17.37597,16.17733,18.91294,18.10404,21.67581,19.19202,18.08453,21.6615,18.51086,15.34716,13.21516
Nigeria,NGA,no data,no data,no data,no data,no data,no data,no data,no data,no data,no data,no data,no data,no data,no data
Nicaragua,NIC,no data,no data,no data,no data,no data,no data,22.75367,no data,no data,no data,19.31385,18.6543,17.91958,no data
Netherlands,NLD,11.87694,12.33591,11.97108,11.76275,11.87849,11.61846,11.66905,11.88771,11.77607,12.09424,12.1508,12.20965,12.80686,no data
Norway,NOR,16.4396,16.54838,15.86487,15.99489,15.85855,15.64057,15.22733,14.95735,17.42965,17.26891,17.04335,15.72807,15.97161,no data
Nepal,NPL,21.61336,22.29422,25.50064,21.14614,22.23003,19.87293,16.03235,17.98384,17.43708,17.56964,18.28129,16.98966,19.1285,15.74647
Nauru,NRU,no data,no data,no data,no data,no data,no data,no data,no data,no data,no data,no data,no data,no data,no data
New Zealand,NZL,17.00461,16.25796,15.16337,14.98482,14.07769,15.3436,15.68851,15.77792,17.76722,16.55307,16.27686,16.37508,16.82011,no data
OECD members,OED,no data,no data,no data,no data,no data,no data,no data,no data,no data,no data,no data,no data,no data,no data
Oman,OMN,10.31647,10.05364,11.22463,no data,no data,10.94918,no data,no data,no data,11.08018,no data,no data,no data,15.34366
Other small states,OSS,no data,no data,no data,no data,no data,no data,no data,no data,no data,no data,no data,no data,no data,no data
Pakistan,PAK,11.22935,13.77751,15.2891,15.44552,14.09696,11.86443,11.86466,10.92461,11.04063,11.51398,11.30066,13.18728,15.06348,14.54478
Panama,PAN,14.56827,no data,no data,no data,14.88983,no data,no data,13.01972,no data,no data,no data,no data,no data,no data
Peru,PER,15.27385,14.27852,14.0353,14.14177,14.53442,14.59631,13.55558,13.55255,14.36907,15.22388,16.21989,17.57486,17.8701,18.23592
Philippines,PHL,12.75085,12.42236,13.26853,13.66702,14.44199,13.21116,no data,no data,no data,no data,no data,no data,no data,no data
Palau,PLW,no data,no data,no data,no data,no data,no data,no data,no data,no data,no data,no data,no data,no data,no data
Papua New Guinea,PNG,no data,no data,no data,no data,no data,no data,no data,no data,no data,no data,no data,no data,no data,no data
Poland,POL,12.28659,12.22228,12.66541,11.26715,11.37921,11.07648,11.06464,10.98486,11.22697,11.59794,11.57975,11.54799,11.28603,no data
Pre-demographic dividend,PRE,no data,no data,no data,no data,no data,no data,no data,no data,no data,no data,no data,no data,no data,no data
Puerto Rico,PRI,no data,no data,no data,no data,no data,no data,no data,no data,no data,no data,no data,no data,no data,no data
"Korea, Dem. Peopleâ€™s Rep.",PRK,no data,no data,no data,no data,no data,no data,no data,no data,no data,no data,no data,no data,no data,no data
Portugal,PRT,10.96746,10.85812,10.87095,11.0547,10.37183,11.07481,10.42656,10.23923,10.19303,10.56848,9.90569,10.152,no data,no data
Paraguay,PRY,18.21824,no data,no data,19.42472,no data,no data,18.76241,23.29774,19.63423,no data,no data,no data,18.15432,no data
West Bank and Gaza,PSE,no data,no data,no data,no data,no data,no data,no data,no data,no data,no data,no data,no data,no data,no data
Pacific island small states,PSS,no data,no data,no data,no data,no data,no data,no data,no data,no data,no data,no data,no data,no data,no data
Post-demographic dividend,PST,no data,no data,no data,no data,no data,no data,no data,no data,no data,no data,no data,no data,no data,no data
French Polynesia,PYF,no data,no data,no data,no data,no data,no data,no data,no data,no data,no data,no data,no data,no data,no data
Qatar,QAT,12.05313,13.74476,no data,no data,15.05552,14.83565,13.81727,13.10685,12.30603,13.1471,12.74315,no data,no data,8.56085
Romania,ROU,9.84331,10.83668,12.71962,12.00496,11.61622,11.02129,9.12913,8.32978,8.43579,no data,9.25695,9.0876,no data,no data
Russian Federation,RUS,11.17591,11.95057,12.4258,no data,11.95923,no data,no data,no data,11.14676,10.86184,11.48852,10.86947,10.98528,no data
Rwanda,RWA,no data,no data,no data,17.78655,15.59151,no data,17.54806,15.34338,15.81547,16.85963,13.73432,12.53905,12.27839,11.07961
South Asia,SAS,no data,no data,no data,no data,no data,no data,no data,no data,no data,no data,no data,no data,no data,no data
Saudi Arabia,SAU,20.18866,19.29229,21.60387,no data,19.25742,no data,no data,no data,no data,no data,no data,no data,no data,no data
Sudan,SDN,7.94924,5.9668,8.25316,no data,9.39278,10.78182,no data,no data,no data,no data,no data,no data,no data,no data
Senegal,SEN,16.96225,21.77097,17.95464,no data,19.22614,23.30045,24.04635,21.08697,20.79525,25.74235,24.76247,23.75856,21.33722,21.56281
Singapore,SGP,20.3052,19.81695,19.74932,20.01841,19.94286,17.19887,17.16863,19.89241,21.16143,19.95866,no data,no data,no data,no data
Solomon Islands,SLB,no data,no data,no data,22.16813,18.81775,16.78565,17.47849,no data,no data,no data,no data,no data,no data,no data
Sierra Leone,SLE,17.1488,15.50661,no data,19.75022,14.9309,15.89646,12.80191,12.41146,14.12596,15.20231,15.09174,no data,12.47358,19.8941
El Salvador,SLV,no data,14.65582,15.75177,16.43733,19.44883,18.54698,16.16422,15.87258,15.27999,15.55899,16.11058,16.60156,16.1132,15.59205
San Marino,SMR,no data,no data,no data,no data,no data,no data,10.78129,10.64036,no data,no data,no data,no data,no data,13.10361
Somalia,SOM,no data,no data,no data,no data,no data,no data,no data,no data,no data,no data,no data,no data,no data,no data
Serbia,SRB,no data,no data,no data,9.97664,10.39082,10.48218,10.09823,10.17957,9.22701,no data,8.764,8.87636,8.69299,9.25646
Sub-Saharan Africa (excluding high income),SSA,no data,no data,no data,no data,no data,no data,no data,no data,no data,no data,no data,no data,no data,no data
South Sudan,SSD,no data,no data,no data,no data,no data,no data,no data,3.9507,no data,3.22802,4.13136,3.27551,0.8457,1.0737
Sub-Saharan Africa,SSF,no data,no data,no data,no data,no data,no data,no data,no data,no data,no data,no data,no data,no data,no data
Small states,SST,no data,no data,no data,no data,no data,no data,no data,no data,no data,no data,no data,no data,no data,no data
Sao Tome and Principe,STP,5.84991,12.12649,14.08841,16.65969,18.24332,20.5595,19.32359,no data,13.71967,18.82663,12.3226,11.29725,15.96804,18.39938
Suriname,SUR,no data,no data,no data,no data,no data,no data,no data,no data,no data,no data,no data,no data,no data,no data
Slovak Republic,SVK,10.86331,9.46612,9.58011,9.71228,9.54827,9.09838,9.76616,9.70747,9.62131,9.86131,10.06451,10.28055,9.41514,no data
Slovenia,SVN,13.49902,13.29055,13.3197,12.89666,12.54904,12.30418,12.08019,12.07168,12.63184,9.99504,11.27432,11.21851,11.71681,no data
Sweden,SWE,13.06133,12.76274,12.80668,12.84501,13.02608,13.26278,13.30598,13.17739,15.22918,15.14365,15.32902,15.50146,15.73223,no data
Eswatini,SWZ,21.10407,20.89186,22.70757,no data,21.81324,19.38638,18.28303,22.33393,no data,no data,24.79544,no data,no data,no data
Sint Maarten (Dutch part),SXM,no data,no data,no data,no data,no data,no data,no data,no data,no data,no data,no data,no data,no data,no data
Seychelles,SYC,no data,no data,10.95452,no data,no data,no data,no data,10.38641,6.7712,9.54766,12.08458,no data,11.72343,no data
Syrian Arab Republic,SYR,17.1454,no data,20.04848,18.92593,20.04079,19.18405,no data,no data,no data,no data,no data,no data,no data,no data
Turks and Caicos Islands,TCA,no data,no data,no data,no data,no data,no data,no data,no data,no data,no data,no data,14.1917,no data,no data
Chad,TCD,11.0319,14.67282,no data,no data,no data,9.54159,8.11928,10.08326,9.21241,12.46146,no data,no data,no data,no data
East Asia & Pacific (IDA & IBRD countries),TEA,no data,no data,no data,no data,no data,no data,no data,no data,no data,no data,no data,no data,no data,no data
Europe & Central Asia (IDA & IBRD countries),TEC,no data,no data,no data,no data,no data,no data,no data,no data,no data,no data,no data,no data,no data,no data
Togo,TGO,21.83069,17.67808,17.28665,18.15452,19.24566,19.37198,19.61576,16.90379,17.68043,16.59207,17.39141,16.66499,15.99131,no data
Thailand,THA,21.45767,20.54682,22.00279,18.48467,18.16285,18.1783,16.22262,22.63024,21.3968,19.12593,no data,no data,no data,no data
Tajikistan,TJK,13.67676,15.29338,15.63601,12.21488,12.8005,14.31216,15.33145,14.56051,16.3705,no data,no data,16.39336,no data,no data
Turkmenistan,TKM,no data,no data,no data,no data,no data,no data,no data,no data,20.79551,no data,no data,no data,no data,no data
Latin America & the Caribbean (IDA & IBRD countries),TLA,no data,no data,no data,no data,no data,no data,no data,no data,no data,no data,no data,no data,no data,no data
Timor-Leste,TLS,no data,no data,no data,no data,7.09054,10.58612,9.15421,7.6509,5.53769,5.89318,6.77287,8.63697,7.36296,8.28357
Middle East & North Africa (IDA & IBRD countries),TMN,no data,no data,no data,no data,no data,no data,no data,no data,no data,no data,no data,no data,no data,no data
Tonga,TON,18.10253,no data,no data,no data,no data,no data,no data,no data,no data,no data,no data,no data,no data,no data
South Asia (IDA & IBRD),TSA,no data,no data,no data,no data,no data,no data,no data,no data,no data,no data,no data,no data,no data,no data
Sub-Saharan Africa (IDA & IBRD countries),TSS,no data,no data,no data,no data,no data,no data,no data,no data,no data,no data,no data,no data,no data,no data
Trinidad and Tobago,TTO,no data,no data,no data,no data,no data,no data,no data,no data,no data,no data,no data,no data,no data,no data
Tunisia,TUN,27.83381,26.69569,26.86131,26.42863,25.25867,25.26201,24.84683,no data,20.99101,no data,no data,22.62495,no data,no data
Turkey,TUR,8.65172,no data,7.96737,no data,no data,no data,no data,no data,no data,no data,no data,no data,no data,no data
Tuvalu,TUV,no data,no data,no data,no data,no data,no data,no data,no data,no data,no data,no data,no data,no data,no data
Tanzania,TZA,19.49264,18.14314,15.01412,19.43174,18.77841,17.41092,19.64801,no data,no data,no data,17.2971,no data,no data,no data
Uganda,UGA,20.30834,no data,no data,no data,no data,no data,10.10489,13.61137,11.4519,11.74312,10.87596,12.13618,11.37934,12.04124
Ukraine,UKR,12.78175,13.73865,13.92323,14.03619,13.55783,15.05482,no data,13.48432,13.66552,13.86764,13.12135,no data,12.35312,13.05142
Upper middle income,UMC,no data,no data,no data,no data,no data,no data,no data,no data,no data,no data,no data,no data,no data,no data
Uruguay,URY,8.39025,9.43665,9.8755,no data,no data,no data,no data,14.92611,no data,no data,no data,no data,14.35388,14.62195
United States,USA,no data,no data,no data,no data,no data,no data,no data,no data,no data,13.39362,13.59483,no data,no data,no data
Uzbekistan,UZB,no data,no data,no data,no data,no data,no data,no data,no data,no data,23.32053,23.51731,23.64584,23.85045,23.03091
St. Vincent and the Grenadines,VCT,no data,22.59199,no data,20.03841,no data,17.3385,15.48563,no data,no data,no data,no data,no data,20.14841,18.94895
"Venezuela, RB",VEN,no data,no data,no data,no data,no data,no data,no data,no data,no data,no data,no data,no data,no data,no data
British Virgin Islands,VGB,no data,no data,no data,no data,no data,no data,no data,no data,no data,no data,no data,no data,no data,no data
Virgin Islands (U.S.),VIR,no data,no data,no data,no data,no data,no data,no data,no data,no data,no data,no data,no data,no data,no data
Vietnam,VNM,no data,no data,no data,no data,18.05421,15.239,17.11449,17.81127,18.78496,18.51551,no data,no data,15.29596,no data
Vanuatu,VUT,no data,no data,no data,no data,21.40563,18.72315,no data,no data,no data,no data,17.20281,12.9964,no data,11.78297
World,WLD,no data,no data,no data,no data,no data,no data,no data,no data,no data,no data,no data,no data,no data,no data
Samoa,WSM,no data,no data,no data,no data,16.06423,no data,no data,no data,no data,no data,no data,no data,10.47922,no data
Kosovo,XKX,no data,no data,no data,no data,no data,no data,no data,no data,no data,no data,no data,no data,no data,no data
"Yemen, Rep.",YEM,no data,no data,no data,no data,12.48924,no data,no data,no data,no data,no data,no data,no data,no data,no data
South Africa,ZAF,19.93463,19.92499,18.00499,18.02707,17.90631,18.30626,18.04437,18.96147,20.63561,19.17124,19.13845,18.69935,18.04874,18.7153
Zambia,ZMB,10.58499,7.72973,no data,6.22791,5.6518,no data,no data,no data,no data,no data,no data,no data,no data,no data
Zimbabwe,ZWE,no data,no data,no data,no data,no data,no data,8.53672,no data,29.75109,28.66034,30.01515,no data,no data,no data
